1《大青树下的小学》,《花的学校》,《不懂就要问》,《小小的船》,《大小多少》,《小书包》,《日月明》,《复习一》,《大还是小》,《过马路》
晨,慌,北,挂,飞,书,日,说,自,马
汉,荒,背,河,多,刀,力,也,口,鸟
贝,由,通,大,贝,笔,边,他,日,灯
见,油,诵,飞,刀,包,目,你,目,行
苹,甲,林,贝,果,多,小,田,白,要
坪,笛,森,杯,力,少,尘,尖,到,看
摔,罚,楚,比,大,果,人,牛,田,清
交,衣,列,话,七,牛,三,多,听,听
鲜,服,例,也,挂,头,心,月,李,有
艳,假,唉,地,杯,只,金,河,玉,走
洁,裳,挨,他,四,口,土,是,台,记
吉,赏,卷,你,八,好,是,四,又,己
汗,四,圈,她,出,你,条,十,时,心
凤,猖,余,无,木,挂,森,挂,古,间
跤,狂,员,八,比,出,木,少,们,李
辰,突,万,不,子,河,二,果,门,时
分,忽,方,马,河,小,尖,尘,雷,玉
份,互,厉,妈,是,杯,白,好,雪,又
扮,碰,历,力,花,是,刀,们,雨,在
汤,触,段,来,水,说,田,地,己,台
扬,猜,胡,家,十,话,月,话,有,双
荡,臂,糊,,,,,,在,左
买,落,戒,,,,,,石,右
卖,舞,呆,,,,,,山,石
读,够,涂,,,,,,,
