1《小蝌蚪找妈妈》,《说话》,《古朗月行》,《小小的船》,《大小多少》,《小书包》,《日月明》,《复习一》,《大还是小》
看,江,古,挂,飞,书,日,说,自
见,河,李,河,多,刀,力,也,口
哪,海,白,大,贝,笔,边,他,日
那,洋,玉,飞,刀,包,目,你,目
里,田,台,贝,果,多,小,田,白
边,地,飞,杯,力,少,尘,尖,到
头,工,雨,比,大,果,人,牛,田
顶,作,花,话,七,牛,三,多,听
眼,办,去,也,挂,头,心,月,李
睛,法,我,地,杯,只,金,河,玉
雪,如,家,他,四,口,土,是,台
白,果,的,你,八,好,是,四,又
肚,已,木,她,出,你,条,十,时
孩,经,鱼,无,木,挂,森,挂,古
子,长,几,八,比,出,木,少,们
天,大,力,不,子,河,二,果,门
空,四,大,马,河,小,尖,尘,雷
傍,为,来,妈,是,杯,白,好,雪
晚,家,米,力,花,是,刀,们,雨
人,娃,无,来,水,说,田,地,己
们,只,挂,家,十,话,月,话,有
冬,要,,,,,,,在
天,皮,,,,,,,石
花,毛,,,,,,,山
朵,知,,,,,,,
,识,,,,,,,
